<?xml version="1.0" encoding="UTF-8"?>
<!DOCTYPE ejb-jar PUBLIC "-//Sun Microsystems, Inc.//DTD Enterprise JavaBeans 2.0//EN" "http://java.sun.com/dtd/ejb-jar_2_0.dtd">

<ejb-jar >

   <description><![CDATA[No Description.]]></description>
   <display-name>Generated by XDoclet</display-name>

   <enterprise-beans>

      <!-- Session Beans -->
      <session >
         <description><![CDATA[Description for Printer]]></description>
         <display-name>Name for Printer</display-name>

         <ejb-name>Printer</ejb-name>

         <home>org.eMayor.ServiceHandling.PrintingUtility.interfaces.PrinterHome</home>
         <remote>org.eMayor.ServiceHandling.PrintingUtility.interfaces.Printer</remote>
         <ejb-class>org.eMayor.ServiceHandling.PrintingUtility.ejb.PrinterBean</ejb-class>
         <session-type>Stateless</session-type>
         <transaction-type>Container</transaction-type>

      </session>

     <!--
       To add session beans that you have deployment descriptor info for, add
       a file to your XDoclet merge directory called session-beans.xml that contains
       the <session></session> markup for those beans.
     -->

      <!-- Entity Beans -->
     <!--
       To add entity beans that you have deployment descriptor info for, add
       a file to your XDoclet merge directory called entity-beans.xml that contains
       the <entity></entity> markup for those beans.
     -->

      <!-- Message Driven Beans -->
     <!--
       To add message driven beans that you have deployment descriptor info for, add
       a file to your XDoclet merge directory called message-driven-beans.xml that contains
       the <message-driven></message-driven> markup for those beans.
     -->

   </enterprise-beans>

   <!-- Relationships -->

   <!-- Assembly Descriptor -->
   <assembly-descriptor >
     <!--
       To add additional assembly descriptor info here, add a file to your
       XDoclet merge directory called assembly-descriptor.xml that contains
       the <assembly-descriptor></assembly-descriptor> markup.
     -->

   <!-- finder permissions -->

   <!-- transactions -->

   <!-- finder transactions -->
   </assembly-descriptor>

</ejb-jar>
