<?xml version="1.0" encoding="UTF-8"?>
<!DOCTYPE jboss PUBLIC "-//JBoss//DTD JBOSS 3.2//EN" "http://www.jboss.org/j2ee/dtd/jboss_3_2.dtd">

<jboss>

   <enterprise-beans>

     <!--
       To add beans that you have deployment descriptor info for, add
       a file to your XDoclet merge directory called jboss-beans.xml that contains
       the <session></session>, <entity></entity> and <message-driven></message-driven>
       markup for those beans.
     -->

      <session>
         <ejb-name>Printer</ejb-name>
         <jndi-name>ejb/Printer</jndi-name>

        <method-attributes>
        </method-attributes>
      </session>

   </enterprise-beans>

   <resource-managers>
   </resource-managers>

</jboss>
